Sentiment Average,Emotion Averages,State Values,State Frequency,State-Sentiment Average,State-Emotion Averages,Gender Values,Gender Frequency,Gender-Sentiment Average,Gender-Emotion Averages,Correlation,State-Gender Correlation,State-Comments Correlation,State-Sentiment Correlation,State-Emotion Correlations,Gender-Comments Correlation,Gender-Sentiment Correlation,Gender-Emotion Correlations,Comments-Sentiment Correlation,Comments-Emotion Correlation
-0.1506,"[0.3058, 0.2811, 0.1108, 0.0293, 0.0679]",Merged,54,-0.014,"[0.3009, 0.3083, 0.1073, 0.0309, 0.066]",Female,9,-0.0763,"[0.308, 0.2784, 0.0964, 0.0341, 0.0782]",p-value,0.00010011809546740585,0.010843742617853615,0.0013039162149236726,"[0.27302818797933, 7.185626359901137e-06, 0.24016538694913167, 0.06566654871454854, 0.358719816247777]",0.47103828213965415,0.5485694069142145,"[0.5226173906343555, 0.018909139516336982, 0.3334149752145769, 0.15814457999302298, 0.08768481591815798]",0.005988916214782738,"[0.026316948106081338, 1.6084692827417117e-06, 0.11370481181724551, 0.17188715039040195, 0.02317574344017321]"
,,Closed,42,-0.3236,"[0.3125, 0.2454, 0.1149, 0.0271, 0.0697]",Male,54,0.0124,"[0.2954, 0.318, 0.1051, 0.0309, 0.0676]",test statistic,18.418320228161146,0.2589634576487404,-0.3235079628526144,"[0.11299326633902997, -0.4402160703896612, 0.12102353325825421, -0.18864556109591224, 0.0947031128244468]",0.09246793116673242,0.07701071167991502,"[-0.08205336458587863, 0.29502647430327156, 0.12387344963805812, -0.1799603363711197, -0.21692858263688142]",-0.27716031026016263,"[0.22556810937511526, -0.46488950547773533, 0.16164058980069848, 0.13984326749591441, 0.23041260853442397]"
,,Open,1,-0.2625,"[0.2914, 0.3094, 0.1247, 0.0295, 0.0907]",Unknown,34,-0.4292,"[0.3218, 0.2232, 0.1235, 0.0254, 0.0656]",,,,,,,,,,
